"JURISDICTION","LOCATION","FINES","ARRESTS"
"ACT","All regions",41,0
"ACT","All regions",60,0
"ACT","All regions",143,0
"ACT","All regions",174,0
"ACT","All regions",197,0
"ACT","All regions",374,0
"ACT","All regions",544,0
"ACT","All regions",812,0
"ACT","All regions",873,0
"ACT","All regions",1098,0
"ACT","All regions",1115,0
"ACT","All regions",1120,0
"ACT","All regions",1299,0
"ACT","All regions",1356,0
"ACT","All regions",1399,0
"ACT","All regions",1722,0
"ACT","All regions",1890,0
"ACT","All regions",2060,0
"ACT","All regions",2284,0
"ACT","All regions",2407,0
"ACT","All regions",45120,0
"ACT","All regions",50640,0
"ACT","All regions",51948,0
"ACT","All regions",52913,0
"ACT","All regions",54201,0
"ACT","All regions",55750,0
"ACT","All regions",56719,0
"ACT","All regions",57612,0
"ACT","All regions",58705,0
"ACT","All regions",59330,0
"ACT","All regions",66449,0
"ACT","All regions",113807,0
"ACT","Major Cities of Australia",0,0
"ACT","Major Cities of Australia",0,1
"ACT","Major Cities of Australia",0,2
"ACT","Major Cities of Australia",0,5
"ACT","Major Cities of Australia",1,0
"ACT","Major Cities of Australia",1,0
"ACT","Major Cities of Australia",1,1
"ACT","Major Cities of Australia",1,3
"ACT","Major Cities of Australia",2,0
"ACT","Major Cities of Australia",2,0
"ACT","Major Cities of Australia",2,1
"ACT","Major Cities of Australia",2,3
"ACT","Major Cities of Australia",2,4
"ACT","Major Cities of Australia",3,0
"ACT","Major Cities of Australia",3,0
"ACT","Major Cities of Australia",3,3
"ACT","Major Cities of Australia",3,5
"ACT","Major Cities of Australia",4,0
"ACT","Major Cities of Australia",4,0
"ACT","Major Cities of Australia",4,1
"ACT","Major Cities of Australia",4,2
"ACT","Major Cities of Australia",4,6
"ACT","Major Cities of Australia",5,0
"ACT","Major Cities of Australia",5,3
"ACT","Major Cities of Australia",5,6
"ACT","Major Cities of Australia",5,12
"ACT","Major Cities of Australia",6,0
"ACT","Major Cities of Australia",6,1
"ACT","Major Cities of Australia",6,3
"ACT","Major Cities of Australia",6,4
"ACT","Major Cities of Australia",6,7
"ACT","Major Cities of Australia",7,0
"ACT","Major Cities of Australia",7,1
"ACT","Major Cities of Australia",7,3
"ACT","Major Cities of Australia",7,6
"ACT","Major Cities of Australia",7,10
"ACT","Major Cities of Australia",7,14
"ACT","Major Cities of Australia",8,0
"ACT","Major Cities of Australia",8,3
"ACT","Major Cities of Australia",8,8
"ACT","Major Cities of Australia",8,9
"ACT","Major Cities of Australia",8,11
"ACT","Major Cities of Australia",8,13
"ACT","Major Cities of Australia",9,0
"ACT","Major Cities of Australia",9,10
"ACT","Major Cities of Australia",10,0
"ACT","Major Cities of Australia",11,0
"ACT","Major Cities of Australia",11,3
"ACT","Major Cities of Australia",11,12
"ACT","Major Cities of Australia",12,0
"ACT","Major Cities of Australia",12,3
"ACT","Major Cities of Australia",12,4
"ACT","Major Cities of Australia",12,8
"ACT","Major Cities of Australia",13,0
"ACT","Major Cities of Australia",14,0
"ACT","Major Cities of Australia",14,1
"ACT","Major Cities of Australia",15,0
"ACT","Major Cities of Australia",15,16
"ACT","Major Cities of Australia",20,0
"ACT","Major Cities of Australia",21,0
"ACT","Major Cities of Australia",23,0
"ACT","Major Cities of Australia",24,0
"ACT","Major Cities of Australia",27,0
"ACT","Major Cities of Australia",29,0
"ACT","Major Cities of Australia",30,0
"ACT","Major Cities of Australia",31,0
"ACT","Major Cities of Australia",33,0
"ACT","Major Cities of Australia",38,0
"ACT","Major Cities of Australia",40,0
"ACT","Major Cities of Australia",42,0
"ACT","Major Cities of Australia",44,0
"ACT","Major Cities of Australia",46,0
"ACT","Major Cities of Australia",47,0
"ACT","Major Cities of Australia",52,0
"ACT","Major Cities of Australia",55,0
"ACT","Major Cities of Australia",57,0
"ACT","Major Cities of Australia",59,0
"ACT","Major Cities of Australia",60,0
"ACT","Major Cities of Australia",61,0
"ACT","Major Cities of Australia",62,0
"ACT","Major Cities of Australia",63,0
"ACT","Major Cities of Australia",64,0
"ACT","Major Cities of Australia",66,0
"ACT","Major Cities of Australia",68,0
"ACT","Major Cities of Australia",69,0
"ACT","Major Cities of Australia",70,0
"ACT","Major Cities of Australia",71,0
"ACT","Major Cities of Australia",72,0
"ACT","Major Cities of Australia",75,0
"ACT","Major Cities of Australia",81,0
"ACT","Major Cities of Australia",82,0
"ACT","Major Cities of Australia",83,0
"ACT","Major Cities of Australia",86,0
"ACT","Major Cities of Australia",90,0
"ACT","Major Cities of Australia",91,0
"ACT","Major Cities of Australia",92,0
"ACT","Major Cities of Australia",98,0
"ACT","Major Cities of Australia",99,0
"ACT","Major Cities of Australia",107,0
"ACT","Major Cities of Australia",126,0
"ACT","Major Cities of Australia",143,0
"ACT","Major Cities of Australia",148,0
"ACT","Major Cities of Australia",155,0
"ACT","Major Cities of Australia",157,0
"ACT","Major Cities of Australia",175,0
"ACT","Major Cities of Australia",176,0
"ACT","Major Cities of Australia",177,0
"ACT","Major Cities of Australia",178,0
"ACT","Major Cities of Australia",194,0
"ACT","Major Cities of Australia",195,0
"ACT","Major Cities of Australia",203,0
"ACT","Major Cities of Australia",204,0
"ACT","Major Cities of Australia",205,0
"ACT","Major Cities of Australia",207,0
"ACT","Major Cities of Australia",214,0
"ACT","Major Cities of Australia",220,0
"ACT","Major Cities of Australia",222,0
"ACT","Major Cities of Australia",223,0
"ACT","Major Cities of Australia",224,0
"ACT","Major Cities of Australia",237,0
"ACT","Major Cities of Australia",242,0
"ACT","Major Cities of Australia",243,0
"ACT","Major Cities of Australia",244,0
"ACT","Major Cities of Australia",257,0
"ACT","Major Cities of Australia",295,0
"ACT","Major Cities of Australia",313,0
"ACT","Major Cities of Australia",352,0
"ACT","Major Cities of Australia",404,0
"ACT","Major Cities of Australia",407,0
"ACT","Major Cities of Australia",426,0
"ACT","Major Cities of Australia",431,0
"ACT","Major Cities of Australia",444,0
"ACT","Major Cities of Australia",452,0
"ACT","Major Cities of Australia",462,0
"ACT","Major Cities of Australia",463,0
"ACT","Major Cities of Australia",468,0
"ACT","Major Cities of Australia",473,0
"ACT","Major Cities of Australia",476,0
"ACT","Major Cities of Australia",480,0
"ACT","Major Cities of Australia",491,0
"ACT","Major Cities of Australia",504,0
"ACT","Major Cities of Australia",507,0
"ACT","Major Cities of Australia",508,0
"ACT","Major Cities of Australia",510,0
"ACT","Major Cities of Australia",515,0
"ACT","Major Cities of Australia",524,0
"ACT","Major Cities of Australia",527,0
"ACT","Major Cities of Australia",532,0
"ACT","Major Cities of Australia",538,0
"ACT","Major Cities of Australia",545,0
"ACT","Major Cities of Australia",558,0
"ACT","Major Cities of Australia",559,0
"ACT","Major Cities of Australia",570,0
"ACT","Major Cities of Australia",582,0
"ACT","Major Cities of Australia",590,0
"ACT","Major Cities of Australia",608,0
"ACT","Major Cities of Australia",615,0
"ACT","Major Cities of Australia",618,0
"ACT","Major Cities of Australia",631,0
"ACT","Major Cities of Australia",679,0
"ACT","Major Cities of Australia",697,0
"ACT","Major Cities of Australia",700,0
"ACT","Major Cities of Australia",704,0
"ACT","Major Cities of Australia",725,0
"ACT","Major Cities of Australia",735,0
"ACT","Major Cities of Australia",770,0
"ACT","Major Cities of Australia",836,0
"ACT","Major Cities of Australia",893,0
"ACT","Major Cities of Australia",1001,0
"ACT","Major Cities of Australia",1005,0
"ACT","Major Cities of Australia",1090,0
"ACT","Major Cities of Australia",1102,0
"ACT","Major Cities of Australia",1108,0
"ACT","Major Cities of Australia",1149,0
"ACT","Major Cities of Australia",1172,0
"ACT","Major Cities of Australia",1196,0
"ACT","Major Cities of Australia",1202,0
"ACT","Major Cities of Australia",1317,0
"ACT","Major Cities of Australia",1520,0
"ACT","Major Cities of Australia",1550,0
"ACT","Major Cities of Australia",1682,0
"ACT","Major Cities of Australia",1796,0
"ACT","Major Cities of Australia",1805,0
"ACT","Major Cities of Australia",1809,0
"ACT","Major Cities of Australia",1863,0
"ACT","Major Cities of Australia",2074,0
"ACT","Major Cities of Australia",2112,0
"ACT","Major Cities of Australia",2115,0
"ACT","Major Cities of Australia",2126,0
"ACT","Major Cities of Australia",2313,0
"ACT","Major Cities of Australia",2722,0
"NSW","All regions",2,0
"NSW","All regions",5,0
"NSW","All regions",7,0
"NSW","All regions",15,0
"NSW","All regions",28,0
"NSW","All regions",9597,0
"NSW","All regions",9720,0
"NSW","All regions",10360,0
"NSW","All regions",11715,0
"NSW","All regions",12878,0
"NSW","All regions",12904,0
"NSW","All regions",19348,0
"NSW","All regions",21538,0
"NSW","All regions",22926,0
"NSW","All regions",25463,0
"NSW","All regions",33514,0
"NSW","All regions",34952,0
"NSW","All regions",37653,0
"NSW","All regions",37989,0
"NSW","All regions",38918,0
"NSW","All regions",40882,0
"NSW","All regions",41020,0
"NSW","All regions",41167,0
"NSW","All regions",42900,0
"NSW","All regions",46714,0
"NSW","All regions",51104,0
"NSW","All regions",138847,0
"NSW","All regions",163722,0
"NSW","All regions",164275,0
"NSW","All regions",179465,0
"NSW","All regions",194793,0
"NSW","All regions",207863,0
"NSW","All regions",216237,0
"NSW","All regions",237017,0
"NSW","All regions",253949,0
"NSW","All regions",389649,0
"NSW","All regions",390746,0
"NSW","All regions",426904,0
"NSW","All regions",432586,0
"NSW","All regions",442556,0
"NSW","All regions",444372,0
"NSW","All regions",468465,0
"NSW","All regions",478004,0
"NSW","All regions",486571,0
"NSW","All regions",494676,0
"NSW","All regions",513616,0
"NSW","All regions",590408,0
"NSW","All regions",707453,0
"NSW","All regions",1053321,0
"NSW","All regions",1273155,0
"NSW","Inner Regional Australia",0,0
"NSW","Inner Regional Australia",1,0
"NSW","Inner Regional Australia",2,0
"NSW","Inner Regional Australia",3,0
"NSW","Inner Regional Australia",4,0
"NSW","Inner Regional Australia",5,0
"NSW","Inner Regional Australia",6,0
"NSW","Inner Regional Australia",7,0
"NSW","Inner Regional Australia",8,0
"NSW","Inner Regional Australia",9,0
"NSW","Inner Regional Australia",10,0
"NSW","Inner Regional Australia",12,0
"NSW","Inner Regional Australia",13,0
"NSW","Inner Regional Australia",14,0
"NSW","Inner Regional Australia",18,0
"NSW","Inner Regional Australia",21,0
"NSW","Inner Regional Australia",23,0
"NSW","Inner Regional Australia",24,0
"NSW","Inner Regional Australia",25,0
"NSW","Inner Regional Australia",26,0
"NSW","Inner Regional Australia",27,0
"NSW","Inner Regional Australia",30,0
"NSW","Inner Regional Australia",33,0
"NSW","Inner Regional Australia",34,0
"NSW","Inner Regional Australia",35,0
"NSW","Inner Regional Australia",36,0
"NSW","Inner Regional Australia",37,0
"NSW","Inner Regional Australia",38,0
"NSW","Inner Regional Australia",39,0
"NSW","Inner Regional Australia",40,0
"NSW","Inner Regional Australia",41,0
"NSW","Inner Regional Australia",43,0
"NSW","Inner Regional Australia",45,0
"NSW","Inner Regional Australia",47,0
"NSW","Inner Regional Australia",48,0
"NSW","Inner Regional Australia",49,0
"NSW","Inner Regional Australia",50,0
"NSW","Inner Regional Australia",51,0
"NSW","Inner Regional Australia",52,0
"NSW","Inner Regional Australia",53,0
"NSW","Inner Regional Australia",54,0
"NSW","Inner Regional Australia",55,0
"NSW","Inner Regional Australia",56,0
"NSW","Inner Regional Australia",57,0
"NSW","Inner Regional Australia",58,0
"NSW","Inner Regional Australia",59,0
"NSW","Inner Regional Australia",60,0
"NSW","Inner Regional Australia",61,0
"NSW","Inner Regional Australia",62,0
"NSW","Inner Regional Australia",63,0
"NSW","Inner Regional Australia",64,0
"NSW","Inner Regional Australia",65,0
"NSW","Inner Regional Australia",66,0
"NSW","Inner Regional Australia",67,0
"NSW","Inner Regional Australia",68,0
"NSW","Inner Regional Australia",69,0
"NSW","Inner Regional Australia",70,0
"NSW","Inner Regional Australia",71,0
"NSW","Inner Regional Australia",72,0
"NSW","Inner Regional Australia",73,0
"NSW","Inner Regional Australia",74,0
"NSW","Inner Regional Australia",77,0
"NSW","Inner Regional Australia",81,0
"NSW","Inner Regional Australia",82,0
"NSW","Inner Regional Australia",84,0
"NSW","Inner Regional Australia",85,0
"NSW","Inner Regional Australia",87,0
"NSW","Inner Regional Australia",88,0
"NSW","Inner Regional Australia",89,0
"NSW","Inner Regional Australia",94,0
"NSW","Inner Regional Australia",97,0
"NSW","Inner Regional Australia",99,0
"NSW","Inner Regional Australia",102,0
"NSW","Inner Regional Australia",105,0
"NSW","Inner Regional Australia",106,0
"NSW","Inner Regional Australia",108,0
"NSW","Inner Regional Australia",118,0
"NSW","Inner Regional Australia",127,0
"NSW","Inner Regional Australia",129,0
"NSW","Inner Regional Australia",144,0
"NSW","Inner Regional Australia",155,0
"NSW","Inner Regional Australia",415,0
"NSW","Inner Regional Australia",477,0
"NSW","Inner Regional Australia",485,0
"NSW","Inner Regional Australia",498,0
"NSW","Inner Regional Australia",518,0
"NSW","Inner Regional Australia",522,0
"NSW","Inner Regional Australia",544,0
"NSW","Inner Regional Australia",557,0
"NSW","Inner Regional Australia",560,0
"NSW","Inner Regional Australia",569,0
"NSW","Inner Regional Australia",572,0
"NSW","Inner Regional Australia",577,0
"NSW","Inner Regional Australia",1213,0
"NSW","Inner Regional Australia",1242,0
"NSW","Inner Regional Australia",1341,0
"NSW","Inner Regional Australia",1363,0
"NSW","Inner Regional Australia",1369,0
"NSW","Inner Regional Australia",1468,0
"NSW","Inner Regional Australia",1505,0
"NSW","Inner Regional Australia",1508,0
"NSW","Inner Regional Australia",1529,0
"NSW","Inner Regional Australia",1535,0
"NSW","Inner Regional Australia",1556,0
"NSW","Inner Regional Australia",1586,0
"NSW","Inner Regional Australia",1892,0
"NSW","Inner Regional Australia",1894,0
"NSW","Inner Regional Australia",2047,0
"NSW","Inner Regional Australia",2051,0
"NSW","Inner Regional Australia",2088,0
"NSW","Inner Regional Australia",2093,0
"NSW","Inner Regional Australia",2099,0
"NSW","Inner Regional Australia",2112,0
"NSW","Inner Regional Australia",2129,0
"NSW","Inner Regional Australia",2203,0
"NSW","Inner Regional Australia",2247,0
"NSW","Inner Regional Australia",2329,0
"NSW","Inner Regional Australia",2330,0
"NSW","Inner Regional Australia",2341,0
"NSW","Inner Regional Australia",2345,0
"NSW","Inner Regional Australia",2376,0
"NSW","Inner Regional Australia",2386,0
"NSW","Inner Regional Australia",2428,0
"NSW","Inner Regional Australia",2433,0
"NSW","Inner Regional Australia",2435,0
"NSW","Inner Regional Australia",2448,0
"NSW","Inner Regional Australia",2485,0
"NSW","Inner Regional Australia",2494,0
"NSW","Inner Regional Australia",2557,0
"NSW","Major Cities of Australia",0,0
"NSW","Major Cities of Australia",1,0
"NSW","Major Cities of Australia",2,0
"NSW","Major Cities of Australia",3,0
"NSW","Major Cities of Australia",4,0
"NSW","Major Cities of Australia",5,0
"NSW","Major Cities of Australia",6,0
"NSW","Major Cities of Australia",7,0
"NSW","Major Cities of Australia",8,0
"NSW","Major Cities of Australia",10,0
"NSW","Major Cities of Australia",12,0
"NSW","Major Cities of Australia",14,0
"NSW","Major Cities of Australia",15,0
"NSW","Major Cities of Australia",17,0
"NSW","Major Cities of Australia",18,0
"NSW","Major Cities of Australia",19,0
"NSW","Major Cities of Australia",20,0
"NSW","Major Cities of Australia",23,0
"NSW","Major Cities of Australia",24,0
"NSW","Major Cities of Australia",28,0
"NSW","Major Cities of Australia",29,0
"NSW","Major Cities of Australia",31,0
"NSW","Major Cities of Australia",40,0
"NSW","Major Cities of Australia",61,0
"NSW","Major Cities of Australia",67,0
"NSW","Major Cities of Australia",71,0
"NSW","Major Cities of Australia",82,0
"NSW","Major Cities of Australia",84,0
"NSW","Major Cities of Australia",85,0
"NSW","Major Cities of Australia",88,0
"NSW","Major Cities of Australia",91,0
"NSW","Major Cities of Australia",92,0
"NSW","Major Cities of Australia",93,0
"NSW","Major Cities of Australia",95,0
"NSW","Major Cities of Australia",97,0
"NSW","Major Cities of Australia",98,0
"NSW","Major Cities of Australia",102,0
"NSW","Major Cities of Australia",104,0
"NSW","Major Cities of Australia",109,0
"NSW","Major Cities of Australia",110,0
"NSW","Major Cities of Australia",111,0
"NSW","Major Cities of Australia",112,0
"NSW","Major Cities of Australia",113,0
"NSW","Major Cities of Australia",115,0
"NSW","Major Cities of Australia",116,0
"NSW","Major Cities of Australia",124,0
"NSW","Major Cities of Australia",127,0
"NSW","Major Cities of Australia",128,0
"NSW","Major Cities of Australia",131,0
"NSW","Major Cities of Australia",132,0
"NSW","Major Cities of Australia",134,0
"NSW","Major Cities of Australia",137,0
"NSW","Major Cities of Australia",143,0
"NSW","Major Cities of Australia",148,0
"NSW","Major Cities of Australia",151,0
"NSW","Major Cities of Australia",152,0
"NSW","Major Cities of Australia",154,0
"NSW","Major Cities of Australia",155,0
"NSW","Major Cities of Australia",158,0
"NSW","Major Cities of Australia",159,0
"NSW","Major Cities of Australia",171,0
"NSW","Major Cities of Australia",173,0
"NSW","Major Cities of Australia",175,0
"NSW","Major Cities of Australia",185,0
"NSW","Major Cities of Australia",186,0
"NSW","Major Cities of Australia",190,0
"NSW","Major Cities of Australia",195,0
"NSW","Major Cities of Australia",198,0
"NSW","Major Cities of Australia",200,0
"NSW","Major Cities of Australia",202,0
"NSW","Major Cities of Australia",207,0
"NSW","Major Cities of Australia",212,0
"NSW","Major Cities of Australia",214,0
"NSW","Major Cities of Australia",216,0
"NSW","Major Cities of Australia",223,0
"NSW","Major Cities of Australia",225,0
"NSW","Major Cities of Australia",226,0
"NSW","Major Cities of Australia",227,0
"NSW","Major Cities of Australia",229,0
"NSW","Major Cities of Australia",231,0
"NSW","Major Cities of Australia",234,0
"NSW","Major Cities of Australia",237,0
"NSW","Major Cities of Australia",239,0
"NSW","Major Cities of Australia",243,0
"NSW","Major Cities of Australia",247,0
"NSW","Major Cities of Australia",249,0
"NSW","Major Cities of Australia",252,0
"NSW","Major Cities of Australia",253,0
"NSW","Major Cities of Australia",257,0
"NSW","Major Cities of Australia",260,0
"NSW","Major Cities of Australia",264,0
"NSW","Major Cities of Australia",267,0
"NSW","Major Cities of Australia",270,0
"NSW","Major Cities of Australia",278,0
"NSW","Major Cities of Australia",280,0
"NSW","Major Cities of Australia",283,0
"NSW","Major Cities of Australia",290,0
"NSW","Major Cities of Australia",298,0
"NSW","Major Cities of Australia",302,0
"NSW","Major Cities of Australia",303,0
"NSW","Major Cities of Australia",308,0
"NSW","Major Cities of Australia",316,0
"NSW","Major Cities of Australia",330,0
"NSW","Major Cities of Australia",333,0
"NSW","Major Cities of Australia",335,0
"NSW","Major Cities of Australia",336,0
"NSW","Major Cities of Australia",338,0
"NSW","Major Cities of Australia",340,0
"NSW","Major Cities of Australia",348,0
"NSW","Major Cities of Australia",350,0
"NSW","Major Cities of Australia",356,0
"NSW","Major Cities of Australia",384,0
"NSW","Major Cities of Australia",390,0
"NSW","Major Cities of Australia",401,0
"NSW","Major Cities of Australia",405,0
"NSW","Major Cities of Australia",423,0
"NSW","Major Cities of Australia",1387,0
"NSW","Major Cities of Australia",1503,0
"NSW","Major Cities of Australia",1569,0
"NSW","Major Cities of Australia",1584,0
"NSW","Major Cities of Australia",1589,0
"NSW","Major Cities of Australia",1606,0
"NSW","Major Cities of Australia",1624,0
"NSW","Major Cities of Australia",1646,0
"NSW","Major Cities of Australia",1655,0
"NSW","Major Cities of Australia",1688,0
"NSW","Major Cities of Australia",1694,0
"NSW","Major Cities of Australia",1698,0
"NSW","Major Cities of Australia",1730,0
"NSW","Major Cities of Australia",1746,0
"NSW","Major Cities of Australia",1749,0
"NSW","Major Cities of Australia",1752,0
"NSW","Major Cities of Australia",1769,0
"NSW","Major Cities of Australia",1776,0
"NSW","Major Cities of Australia",1812,0
"NSW","Major Cities of Australia",1819,0
"NSW","Major Cities of Australia",1835,0
"NSW","Major Cities of Australia",1845,0
"NSW","Major Cities of Australia",1858,0
"NSW","Major Cities of Australia",1940,0
"NSW","Major Cities of Australia",1974,0
"NSW","Major Cities of Australia",1979,0
"NSW","Major Cities of Australia",1989,0
"NSW","Major Cities of Australia",1994,0
"NSW","Major Cities of Australia",2153,0
"NSW","Major Cities of Australia",2158,0
"NSW","Major Cities of Australia",2231,0
"NSW","Major Cities of Australia",2304,0
"NSW","Major Cities of Australia",2315,0
"NSW","Major Cities of Australia",2416,0
"NSW","Major Cities of Australia",2618,0
"NSW","Major Cities of Australia",2791,0
"NSW","Outer Regional Australia",0,0
"NSW","Outer Regional Australia",1,0
"NSW","Outer Regional Australia",2,0
"NSW","Outer Regional Australia",3,0
"NSW","Outer Regional Australia",4,0
"NSW","Outer Regional Australia",5,0
"NSW","Outer Regional Australia",6,0
"NSW","Outer Regional Australia",7,0
"NSW","Outer Regional Australia",8,0
"NSW","Outer Regional Australia",9,0
"NSW","Outer Regional Australia",10,0
"NSW","Outer Regional Australia",11,0
"NSW","Outer Regional Australia",12,0
"NSW","Outer Regional Australia",13,0
"NSW","Outer Regional Australia",14,0
"NSW","Outer Regional Australia",15,0
"NSW","Outer Regional Australia",16,0
"NSW","Outer Regional Australia",18,0
"NSW","Outer Regional Australia",19,0
"NSW","Outer Regional Australia",20,0
"NSW","Outer Regional Australia",21,0
"NSW","Outer Regional Australia",22,0
"NSW","Outer Regional Australia",23,0
"NSW","Outer Regional Australia",24,0
"NSW","Outer Regional Australia",25,0
"NSW","Outer Regional Australia",26,0
"NSW","Outer Regional Australia",27,0
"NSW","Outer Regional Australia",28,0
"NSW","Outer Regional Australia",29,0
"NSW","Outer Regional Australia",30,0
"NSW","Outer Regional Australia",32,0
"NSW","Outer Regional Australia",33,0
"NSW","Outer Regional Australia",34,0
"NSW","Outer Regional Australia",36,0
"NSW","Outer Regional Australia",37,0
"NSW","Outer Regional Australia",40,0
"NSW","Outer Regional Australia",42,0
"NSW","Outer Regional Australia",43,0
"NSW","Outer Regional Australia",44,0
"NSW","Outer Regional Australia",46,0
"NSW","Outer Regional Australia",47,0
"NSW","Outer Regional Australia",48,0
"NSW","Outer Regional Australia",56,0
"NSW","Outer Regional Australia",57,0
"NSW","Outer Regional Australia",144,0
"NSW","Outer Regional Australia",146,0
"NSW","Outer Regional Australia",187,0
"NSW","Outer Regional Australia",189,0
"NSW","Outer Regional Australia",197,0
"NSW","Outer Regional Australia",198,0
"NSW","Outer Regional Australia",201,0
"NSW","Outer Regional Australia",209,0
"NSW","Outer Regional Australia",221,0
"NSW","Outer Regional Australia",227,0
"NSW","Outer Regional Australia",229,0
"NSW","Outer Regional Australia",297,0
"NSW","Outer Regional Australia",306,0
"NSW","Outer Regional Australia",312,0
"NSW","Outer Regional Australia",313,0
"NSW","Outer Regional Australia",314,0
"NSW","Outer Regional Australia",335,0
"NSW","Outer Regional Australia",381,0
"NSW","Outer Regional Australia",394,0
"NSW","Outer Regional Australia",399,0
"NSW","Outer Regional Australia",462,0
"NSW","Outer Regional Australia",480,0
"NSW","Outer Regional Australia",505,0
"NSW","Outer Regional Australia",540,0
"NSW","Outer Regional Australia",553,0
"NSW","Outer Regional Australia",562,0
"NSW","Outer Regional Australia",575,0
"NSW","Outer Regional Australia",576,0
"NSW","Outer Regional Australia",605,0
"NSW","Outer Regional Australia",624,0
"NSW","Outer Regional Australia",655,0
"NSW","Outer Regional Australia",657,0
"NSW","Outer Regional Australia",662,0
"NSW","Outer Regional Australia",675,0
"NSW","Outer Regional Australia",692,0
"NSW","Outer Regional Australia",710,0
"NSW","Outer Regional Australia",711,0
"NSW","Outer Regional Australia",712,0
"NSW","Outer Regional Australia",715,0
"NSW","Outer Regional Australia",759,0
"NSW","Outer Regional Australia",763,0
"NSW","Outer Regional Australia",779,0
"NSW","Outer Regional Australia",794,0
"NSW","Outer Regional Australia",812,0
"NSW","Outer Regional Australia",821,0
"NSW","Outer Regional Australia",863,0
"NSW","Remote Australia",0,0
"NSW","Remote Australia",1,0
"NSW","Remote Australia",2,0
"NSW","Remote Australia",3,0
"NSW","Remote Australia",4,0
"NSW","Remote Australia",5,0
"NSW","Remote Australia",6,0
"NSW","Remote Australia",7,0
"NSW","Remote Australia",9,0
"NSW","Remote Australia",10,0
"NSW","Remote Australia",11,0
"NSW","Remote Australia",12,0
"NSW","Remote Australia",13,0
"NSW","Remote Australia",14,0
"NSW","Remote Australia",15,0
"NSW","Remote Australia",17,0
"NSW","Remote Australia",18,0
"NSW","Remote Australia",21,0
"NSW","Remote Australia",22,0
"NSW","Remote Australia",24,0
"NSW","Remote Australia",26,0
"NSW","Remote Australia",27,0
"NSW","Remote Australia",29,0
"NSW","Remote Australia",31,0
"NSW","Remote Australia",34,0
"NSW","Remote Australia",36,0
"NSW","Remote Australia",38,0
"NSW","Remote Australia",41,0
"NSW","Remote Australia",45,0
"NSW","Remote Australia",48,0
"NSW","Remote Australia",51,0
"NSW","Remote Australia",54,0
"NSW","Remote Australia",55,0
"NSW","Remote Australia",61,0
"NSW","Remote Australia",69,0
"NSW","Remote Australia",70,0
"NSW","Remote Australia",73,0
"NSW","Remote Australia",74,0
"NSW","Remote Australia",93,0
"NSW","Remote Australia",124,0
"NSW","Very Remote Australia",0,0
"NSW","Very Remote Australia",1,0
"NSW","Very Remote Australia",2,0
"NSW","Very Remote Australia",3,0
"NSW","Very Remote Australia",4,0
"NSW","Very Remote Australia",5,0
"NSW","Very Remote Australia",6,0
"NSW","Very Remote Australia",7,0
"NSW","Very Remote Australia",8,0
"NSW","Very Remote Australia",9,0
"NSW","Very Remote Australia",10,0
"NSW","Very Remote Australia",12,0
"NSW","Very Remote Australia",15,0
"NSW","Very Remote Australia",19,0
"NSW","Very Remote Australia",22,0
"NT","All regions",302,0
"NT","All regions",309,0
"NT","All regions",380,0
"NT","All regions",492,0
"NT","All regions",517,0
"NT","All regions",535,0
"NT","All regions",546,0
"NT","All regions",671,0
"NT","All regions",722,0
"NT","All regions",729,0
"NT","All regions",760,0
"NT","All regions",861,0
"NT","All regions",998,0
"NT","All regions",1058,0
"NT","All regions",1106,0
"NT","All regions",1123,0
"NT","All regions",1166,0
"NT","All regions",2111,0
"NT","All regions",2558,0
"NT","All regions",3521,0
"NT","All regions",6252,0
"NT","All regions",6651,0
"NT","All regions",7912,0
"NT","All regions",9813,0
"NT","All regions",12292,0
"NT","All regions",19893,0
"NT","All regions",22239,0
"NT","All regions",22556,0
"NT","All regions",22871,0
"NT","All regions",23865,0
"NT","All regions",24536,0
"NT","All regions",24633,0
"NT","All regions",24928,0
"NT","All regions",26775,0
"NT","All regions",27208,0
"NT","All regions",27390,0
"NT","All regions",27639,0
"NT","All regions",27730,0
"NT","All regions",31997,0
"NT","All regions",33009,0
"QLD","All regions",3487,0
"QLD","All regions",3848,0
"QLD","All regions",3973,0
"QLD","All regions",4823,0
"QLD","All regions",5051,0
"QLD","All regions",5346,0
"QLD","All regions",6108,0
"QLD","All regions",8789,0
"QLD","All regions",9009,0
"QLD","All regions",11580,0
"QLD","All regions",12828,0
"QLD","All regions",14574,0
"QLD","All regions",15043,0
"QLD","All regions",17213,0
"QLD","All regions",23048,0
"QLD","All regions",25068,0
"QLD","All regions",27998,0
"QLD","All regions",28499,0
"QLD","All regions",28548,0
"QLD","All regions",30389,0
"QLD","All regions",33013,0
"QLD","All regions",33352,0
"QLD","All regions",52079,0
"QLD","All regions",72173,0
"QLD","All regions",113413,0
"QLD","All regions",118152,0
"QLD","All regions",131789,0
"QLD","All regions",155049,0
"QLD","All regions",161732,0
"QLD","All regions",440622,0
"QLD","All regions",475870,0
"QLD","All regions",502886,0
"QLD","All regions",588714,0
"QLD","All regions",653679,0
"QLD","All regions",659305,0
"QLD","All regions",733717,0
"QLD","All regions",762905,0
"QLD","All regions",777226,0
"QLD","All regions",779069,0
"QLD","All regions",859691,0
"QLD","All regions",865513,0
"QLD","All regions",886731,0
"QLD","All regions",1004090,0
"QLD","All regions",1076622,0
"SA","All regions",2684,0
"SA","All regions",3046,0
"SA","All regions",3935,0
"SA","All regions",4386,0
"SA","All regions",4583,0
"SA","All regions",4799,0
"SA","All regions",4909,0
"SA","All regions",6325,0
"SA","All regions",7567,0
"SA","All regions",8471,0
"SA","All regions",11153,0
"SA","All regions",11252,0
"SA","All regions",11411,0
"SA","All regions",11623,0
"SA","All regions",11886,0
"SA","All regions",12446,0
"SA","All regions",12560,0
"SA","All regions",13402,0
"SA","All regions",14139,0
"SA","All regions",14167,0
"SA","All regions",28764,0
"SA","All regions",54773,0
"SA","All regions",61859,0
"SA","All regions",74391,0
"SA","All regions",85282,0
"SA","All regions",91335,0
"SA","All regions",100562,0
"SA","All regions",107676,0
"SA","All regions",119500,0
"SA","All regions",157432,0
"SA","All regions",162804,0
"SA","All regions",174731,0
"SA","All regions",175237,0
"SA","All regions",182856,0
"SA","All regions",202693,0
"SA","All regions",202914,0
"TAS","All regions",890,0
"TAS","All regions",1129,0
"TAS","All regions",1332,0
"TAS","All regions",1966,0
"TAS","All regions",1973,0
"TAS","All regions",2141,0
"TAS","All regions",2328,0
"TAS","All regions",2355,0
"TAS","All regions",2614,0
"TAS","All regions",2738,0
"TAS","All regions",2914,0
"TAS","All regions",3191,0
"TAS","All regions",3241,0
"TAS","All regions",3256,0
"TAS","All regions",3273,0
"TAS","All regions",3735,0
"TAS","All regions",4244,0
"TAS","All regions",5430,0
"TAS","All regions",5665,0
"TAS","All regions",6738,0
"TAS","All regions",6780,0
"TAS","All regions",7410,0
"TAS","All regions",7517,0
"TAS","All regions",8609,0
"TAS","All regions",9250,0
"TAS","All regions",13095,0
"TAS","All regions",14023,0
"TAS","All regions",15220,0
"TAS","All regions",15977,0
"TAS","All regions",24427,0
"TAS","All regions",28714,0
"TAS","All regions",34984,0
"TAS","All regions",35321,0
"TAS","All regions",37376,0
"TAS","All regions",59962,0
"TAS","All regions",67768,0
"VIC","All regions",6342,0
"VIC","All regions",7492,0
"VIC","All regions",7757,0
"VIC","All regions",11835,0
"VIC","All regions",13595,0
"VIC","All regions",15562,0
"VIC","All regions",19428,0
"VIC","All regions",21231,0
"VIC","All regions",27925,0
"VIC","All regions",29293,0
"VIC","All regions",32458,0
"VIC","All regions",33598,0
"VIC","All regions",36694,0
"VIC","All regions",41448,0
"VIC","All regions",49739,0
"VIC","All regions",52452,0
"VIC","All regions",52630,0
"VIC","All regions",53101,0
"VIC","All regions",54728,0
"VIC","All regions",61497,0
"VIC","All regions",122929,0
"VIC","All regions",937192,0
"VIC","All regions",1004679,0
"VIC","All regions",1015986,0
"VIC","All regions",1114036,0
"VIC","All regions",1136590,0
"VIC","All regions",1151555,0
"VIC","All regions",1172460,0
"VIC","All regions",1185037,0
"VIC","All regions",1220180,0
"VIC","All regions",1231672,0
"VIC","All regions",1255302,0
"VIC","All regions",1266642,0
"VIC","All regions",1306201,0
"VIC","All regions",1307924,0
"VIC","All regions",1600565,0
"VIC","Inner Regional Australia",1,0
"VIC","Inner Regional Australia",2,0
"VIC","Inner Regional Australia",3,0
"VIC","Inner Regional Australia",4,0
"VIC","Inner Regional Australia",5,0
"VIC","Inner Regional Australia",6,0
"VIC","Inner Regional Australia",7,0
"VIC","Inner Regional Australia",9,0
"VIC","Inner Regional Australia",11,0
"VIC","Inner Regional Australia",12,0
"VIC","Inner Regional Australia",13,0
"VIC","Inner Regional Australia",14,0
"VIC","Inner Regional Australia",15,0
"VIC","Inner Regional Australia",17,0
"VIC","Inner Regional Australia",19,0
"VIC","Inner Regional Australia",21,0
"VIC","Inner Regional Australia",23,0
"VIC","Inner Regional Australia",24,0
"VIC","Inner Regional Australia",25,0
"VIC","Inner Regional Australia",26,0
"VIC","Inner Regional Australia",27,0
"VIC","Inner Regional Australia",28,0
"VIC","Inner Regional Australia",29,0
"VIC","Inner Regional Australia",30,0
"VIC","Inner Regional Australia",32,0
"VIC","Inner Regional Australia",33,0
"VIC","Inner Regional Australia",34,0
"VIC","Inner Regional Australia",36,0
"VIC","Inner Regional Australia",37,0
"VIC","Inner Regional Australia",38,0
"VIC","Inner Regional Australia",39,0
"VIC","Inner Regional Australia",40,0
"VIC","Inner Regional Australia",41,0
"VIC","Inner Regional Australia",42,0
"VIC","Inner Regional Australia",44,0
"VIC","Inner Regional Australia",45,0
"VIC","Inner Regional Australia",46,0
"VIC","Inner Regional Australia",47,0
"VIC","Inner Regional Australia",48,0
"VIC","Inner Regional Australia",49,0
"VIC","Inner Regional Australia",51,0
"VIC","Inner Regional Australia",52,0
"VIC","Inner Regional Australia",53,0
"VIC","Inner Regional Australia",54,0
"VIC","Inner Regional Australia",55,0
"VIC","Inner Regional Australia",56,0
"VIC","Inner Regional Australia",57,0
"VIC","Inner Regional Australia",58,0
"VIC","Inner Regional Australia",59,0
"VIC","Inner Regional Australia",60,0
"VIC","Inner Regional Australia",61,0
"VIC","Inner Regional Australia",62,0
"VIC","Inner Regional Australia",63,0
"VIC","Inner Regional Australia",64,0
"VIC","Inner Regional Australia",65,0
"VIC","Inner Regional Australia",66,0
"VIC","Inner Regional Australia",67,0
"VIC","Inner Regional Australia",68,0
"VIC","Inner Regional Australia",69,0
"VIC","Inner Regional Australia",70,0
"VIC","Inner Regional Australia",71,0
"VIC","Inner Regional Australia",72,0
"VIC","Inner Regional Australia",73,0
"VIC","Inner Regional Australia",74,0
"VIC","Inner Regional Australia",76,0
"VIC","Inner Regional Australia",77,0
"VIC","Inner Regional Australia",81,0
"VIC","Inner Regional Australia",82,0
"VIC","Inner Regional Australia",83,0
"VIC","Inner Regional Australia",84,0
"VIC","Inner Regional Australia",85,0
"VIC","Inner Regional Australia",87,0
"VIC","Inner Regional Australia",92,0
"VIC","Inner Regional Australia",93,0
"VIC","Inner Regional Australia",94,0
"VIC","Inner Regional Australia",95,0
"VIC","Inner Regional Australia",96,0
"VIC","Inner Regional Australia",97,0
"VIC","Inner Regional Australia",100,0
"VIC","Inner Regional Australia",102,0
"VIC","Inner Regional Australia",103,0
"VIC","Inner Regional Australia",104,0
"VIC","Inner Regional Australia",105,0
"VIC","Inner Regional Australia",114,0
"VIC","Inner Regional Australia",124,0
"VIC","Inner Regional Australia",132,0
"VIC","Inner Regional Australia",139,0
"VIC","Inner Regional Australia",142,0
"VIC","Inner Regional Australia",146,0
"VIC","Inner Regional Australia",150,0
"VIC","Inner Regional Australia",152,0
"VIC","Inner Regional Australia",155,0
"VIC","Inner Regional Australia",157,0
"VIC","Inner Regional Australia",158,0
"VIC","Inner Regional Australia",160,0
"VIC","Inner Regional Australia",175,0
"VIC","Inner Regional Australia",180,0
"VIC","Inner Regional Australia",188,0
"VIC","Inner Regional Australia",209,0
"VIC","Inner Regional Australia",213,0
"VIC","Inner Regional Australia",220,0
"VIC","Inner Regional Australia",237,0
"VIC","Inner Regional Australia",242,0
"VIC","Inner Regional Australia",250,0
"VIC","Inner Regional Australia",256,0
"VIC","Inner Regional Australia",259,0
"VIC","Inner Regional Australia",262,0
"VIC","Inner Regional Australia",271,0
"VIC","Inner Regional Australia",272,0
"VIC","Inner Regional Australia",274,0
"VIC","Inner Regional Australia",279,0
"VIC","Inner Regional Australia",295,0
"VIC","Inner Regional Australia",303,0
"VIC","Inner Regional Australia",308,0
"VIC","Inner Regional Australia",318,0
"VIC","Inner Regional Australia",320,0
"VIC","Inner Regional Australia",327,0
"VIC","Inner Regional Australia",329,0
"VIC","Inner Regional Australia",349,0
"VIC","Inner Regional Australia",350,0
"VIC","Inner Regional Australia",353,0
"VIC","Inner Regional Australia",397,0
"VIC","Inner Regional Australia",405,0
"VIC","Inner Regional Australia",416,0
"VIC","Inner Regional Australia",427,0
"VIC","Inner Regional Australia",428,0
"VIC","Inner Regional Australia",432,0
"VIC","Inner Regional Australia",437,0
"VIC","Inner Regional Australia",438,0
"VIC","Inner Regional Australia",448,0
"VIC","Inner Regional Australia",462,0
"VIC","Inner Regional Australia",471,0
"VIC","Inner Regional Australia",474,0
"VIC","Inner Regional Australia",496,0
"VIC","Inner Regional Australia",497,0
"VIC","Inner Regional Australia",506,0
"VIC","Inner Regional Australia",510,0
"VIC","Inner Regional Australia",514,0
"VIC","Inner Regional Australia",519,0
"VIC","Inner Regional Australia",521,0
"VIC","Inner Regional Australia",528,0
"VIC","Inner Regional Australia",529,0
"VIC","Inner Regional Australia",534,0
"VIC","Inner Regional Australia",539,0
"VIC","Inner Regional Australia",546,0
"VIC","Inner Regional Australia",552,0
"VIC","Inner Regional Australia",562,0
"VIC","Inner Regional Australia",571,0
"VIC","Inner Regional Australia",575,0
"VIC","Inner Regional Australia",581,0
"VIC","Inner Regional Australia",582,0
"VIC","Inner Regional Australia",584,0
"VIC","Inner Regional Australia",585,0
"VIC","Inner Regional Australia",611,0
"VIC","Inner Regional Australia",621,0
"VIC","Inner Regional Australia",635,0
"VIC","Inner Regional Australia",649,0
"VIC","Inner Regional Australia",669,0
"VIC","Inner Regional Australia",673,0
"VIC","Inner Regional Australia",674,0
"VIC","Inner Regional Australia",676,0
"VIC","Inner Regional Australia",706,0
"VIC","Inner Regional Australia",708,0
"VIC","Inner Regional Australia",712,0
"VIC","Inner Regional Australia",719,0
"VIC","Inner Regional Australia",725,0
"VIC","Inner Regional Australia",731,0
"VIC","Inner Regional Australia",741,0
"VIC","Inner Regional Australia",748,0
"VIC","Inner Regional Australia",753,0
"VIC","Inner Regional Australia",770,0
"VIC","Inner Regional Australia",814,0
"VIC","Inner Regional Australia",820,0
"VIC","Inner Regional Australia",875,0
"VIC","Inner Regional Australia",881,0
"VIC","Inner Regional Australia",892,0
"VIC","Inner Regional Australia",899,0
"VIC","Inner Regional Australia",904,0
"VIC","Inner Regional Australia",916,0
"VIC","Inner Regional Australia",954,0
"VIC","Inner Regional Australia",956,0
"VIC","Inner Regional Australia",967,0
"VIC","Inner Regional Australia",970,0
"VIC","Inner Regional Australia",1015,0
"VIC","Inner Regional Australia",1020,0
"VIC","Inner Regional Australia",1056,0
"VIC","Inner Regional Australia",1171,0
"VIC","Inner Regional Australia",1202,0
"VIC","Inner Regional Australia",1213,0
"VIC","Inner Regional Australia",1215,0
"VIC","Inner Regional Australia",1244,0
"VIC","Inner Regional Australia",1263,0
"VIC","Inner Regional Australia",1270,0
"VIC","Inner Regional Australia",1281,0
"VIC","Inner Regional Australia",1284,0
"VIC","Inner Regional Australia",1300,0
"VIC","Inner Regional Australia",1304,0
"VIC","Inner Regional Australia",1321,0
"VIC","Inner Regional Australia",1330,0
"VIC","Inner Regional Australia",1343,0
"VIC","Inner Regional Australia",1364,0
"VIC","Inner Regional Australia",1379,0
"VIC","Inner Regional Australia",1386,0
"VIC","Inner Regional Australia",1389,0
"VIC","Inner Regional Australia",1408,0
"VIC","Inner Regional Australia",1432,0
"VIC","Inner Regional Australia",1489,0
"VIC","Inner Regional Australia",1492,0
"VIC","Inner Regional Australia",1515,0
"VIC","Inner Regional Australia",1523,0
"VIC","Inner Regional Australia",1524,0
"VIC","Inner Regional Australia",1555,0
"VIC","Inner Regional Australia",1575,0
"VIC","Inner Regional Australia",1578,0
"VIC","Inner Regional Australia",1587,0
"VIC","Inner Regional Australia",1589,0
"VIC","Inner Regional Australia",1597,0
"VIC","Inner Regional Australia",1614,0
"VIC","Inner Regional Australia",1632,0
"VIC","Inner Regional Australia",1665,0
"VIC","Inner Regional Australia",1675,0
"VIC","Inner Regional Australia",1676,0
"VIC","Inner Regional Australia",1678,0
"VIC","Inner Regional Australia",1688,0
"VIC","Inner Regional Australia",1704,0
"VIC","Inner Regional Australia",1723,0
"VIC","Inner Regional Australia",1724,0
"VIC","Inner Regional Australia",1752,0
"VIC","Inner Regional Australia",1764,0
"VIC","Inner Regional Australia",1767,0
"VIC","Inner Regional Australia",1768,0
"VIC","Inner Regional Australia",1775,0
"VIC","Inner Regional Australia",1829,0
"VIC","Inner Regional Australia",1836,0
"VIC","Inner Regional Australia",1853,0
"VIC","Inner Regional Australia",1923,0
"VIC","Inner Regional Australia",1943,0
"VIC","Inner Regional Australia",1944,0
"VIC","Inner Regional Australia",1953,0
"VIC","Inner Regional Australia",1971,0
"VIC","Inner Regional Australia",2052,0
"VIC","Inner Regional Australia",2056,0
"VIC","Inner Regional Australia",2059,0
"VIC","Inner Regional Australia",2071,0
"VIC","Inner Regional Australia",2125,0
"VIC","Inner Regional Australia",2153,0
"VIC","Inner Regional Australia",2695,0
"VIC","Inner Regional Australia",2791,0
"VIC","Inner Regional Australia",2856,0
"VIC","Inner Regional Australia",2971,0
"VIC","Inner Regional Australia",3033,0
"VIC","Inner Regional Australia",3150,0
"VIC","Inner Regional Australia",3158,0
"VIC","Inner Regional Australia",3340,0
"VIC","Inner Regional Australia",3351,0
"VIC","Inner Regional Australia",3357,0
"VIC","Inner Regional Australia",3463,0
"VIC","Inner Regional Australia",3505,0
"VIC","Inner Regional Australia",5052,0
"VIC","Inner Regional Australia",7544,0
"VIC","Inner Regional Australia",10144,0
"VIC","Inner Regional Australia",16192,0
"VIC","Major Cities of Australia",1,0
"VIC","Major Cities of Australia",2,0
"VIC","Major Cities of Australia",3,0
"VIC","Major Cities of Australia",4,0
"VIC","Major Cities of Australia",5,0
"VIC","Major Cities of Australia",8,0
"VIC","Major Cities of Australia",9,0
"VIC","Major Cities of Australia",10,0
"VIC","Major Cities of Australia",11,0
"VIC","Major Cities of Australia",12,0
"VIC","Major Cities of Australia",13,0
"VIC","Major Cities of Australia",14,0
"VIC","Major Cities of Australia",15,0
"VIC","Major Cities of Australia",16,0
"VIC","Major Cities of Australia",17,0
"VIC","Major Cities of Australia",20,0
"VIC","Major Cities of Australia",21,0
"VIC","Major Cities of Australia",24,0
"VIC","Major Cities of Australia",27,0
"VIC","Major Cities of Australia",30,0
"VIC","Major Cities of Australia",37,0
"VIC","Major Cities of Australia",38,0
"VIC","Major Cities of Australia",39,0
"VIC","Major Cities of Australia",42,0
"VIC","Major Cities of Australia",47,0
"VIC","Major Cities of Australia",48,0
"VIC","Major Cities of Australia",50,0
"VIC","Major Cities of Australia",51,0
"VIC","Major Cities of Australia",53,0
"VIC","Major Cities of Australia",55,0
"VIC","Major Cities of Australia",59,0
"VIC","Major Cities of Australia",60,0
"VIC","Major Cities of Australia",72,0
"VIC","Major Cities of Australia",73,0
"VIC","Major Cities of Australia",75,0
"VIC","Major Cities of Australia",76,0
"VIC","Major Cities of Australia",79,0
"VIC","Major Cities of Australia",82,0
"VIC","Major Cities of Australia",86,0
"VIC","Major Cities of Australia",97,0
"VIC","Major Cities of Australia",99,0
"VIC","Major Cities of Australia",101,0
"VIC","Major Cities of Australia",107,0
"VIC","Major Cities of Australia",109,0
"VIC","Major Cities of Australia",110,0
"VIC","Major Cities of Australia",114,0
"VIC","Major Cities of Australia",116,0
"VIC","Major Cities of Australia",118,0
"VIC","Major Cities of Australia",120,0
"VIC","Major Cities of Australia",122,0
"VIC","Major Cities of Australia",128,0
"VIC","Major Cities of Australia",129,0
"VIC","Major Cities of Australia",130,0
"VIC","Major Cities of Australia",132,0
"VIC","Major Cities of Australia",133,0
"VIC","Major Cities of Australia",134,0
"VIC","Major Cities of Australia",135,0
"VIC","Major Cities of Australia",136,0
"VIC","Major Cities of Australia",138,0
"VIC","Major Cities of Australia",140,0
"VIC","Major Cities of Australia",142,0
"VIC","Major Cities of Australia",144,0
"VIC","Major Cities of Australia",146,0
"VIC","Major Cities of Australia",152,0
"VIC","Major Cities of Australia",154,0
"VIC","Major Cities of Australia",155,0
"VIC","Major Cities of Australia",157,0
"VIC","Major Cities of Australia",159,0
"VIC","Major Cities of Australia",160,0
"VIC","Major Cities of Australia",161,0
"VIC","Major Cities of Australia",162,0
"VIC","Major Cities of Australia",175,0
"VIC","Major Cities of Australia",178,0
"VIC","Major Cities of Australia",179,0
"VIC","Major Cities of Australia",184,0
"VIC","Major Cities of Australia",185,0
"VIC","Major Cities of Australia",196,0
"VIC","Major Cities of Australia",200,0
"VIC","Major Cities of Australia",216,0
"VIC","Major Cities of Australia",220,0
"VIC","Major Cities of Australia",222,0
"VIC","Major Cities of Australia",228,0
"VIC","Major Cities of Australia",229,0
"VIC","Major Cities of Australia",232,0
"VIC","Major Cities of Australia",234,0
"VIC","Major Cities of Australia",246,0
"VIC","Major Cities of Australia",247,0
"VIC","Major Cities of Australia",248,0
"VIC","Major Cities of Australia",249,0
"VIC","Major Cities of Australia",252,0
"VIC","Major Cities of Australia",253,0
"VIC","Major Cities of Australia",255,0
"VIC","Major Cities of Australia",256,0
"VIC","Major Cities of Australia",259,0
"VIC","Major Cities of Australia",261,0
"VIC","Major Cities of Australia",268,0
"VIC","Major Cities of Australia",269,0
"VIC","Major Cities of Australia",278,0
"VIC","Major Cities of Australia",291,0
"VIC","Major Cities of Australia",298,0
"VIC","Major Cities of Australia",302,0
"VIC","Major Cities of Australia",306,0
"VIC","Major Cities of Australia",309,0
"VIC","Major Cities of Australia",325,0
"VIC","Major Cities of Australia",326,0
"VIC","Major Cities of Australia",328,0
"VIC","Major Cities of Australia",335,0
"VIC","Major Cities of Australia",351,0
"VIC","Major Cities of Australia",359,0
"VIC","Major Cities of Australia",362,0
"VIC","Major Cities of Australia",367,0
"VIC","Major Cities of Australia",368,0
"VIC","Major Cities of Australia",381,0
"VIC","Major Cities of Australia",385,0
"VIC","Major Cities of Australia",386,0
"VIC","Major Cities of Australia",405,0
"VIC","Major Cities of Australia",406,0
"VIC","Major Cities of Australia",409,0
"VIC","Major Cities of Australia",412,0
"VIC","Major Cities of Australia",425,0
"VIC","Major Cities of Australia",431,0
"VIC","Major Cities of Australia",445,0
"VIC","Major Cities of Australia",455,0
"VIC","Major Cities of Australia",461,0
"VIC","Major Cities of Australia",465,0
"VIC","Major Cities of Australia",466,0
"VIC","Major Cities of Australia",518,0
"VIC","Major Cities of Australia",520,0
"VIC","Major Cities of Australia",523,0
"VIC","Major Cities of Australia",532,0
"VIC","Major Cities of Australia",536,0
"VIC","Major Cities of Australia",546,0
"VIC","Major Cities of Australia",547,0
"VIC","Major Cities of Australia",565,0
"VIC","Major Cities of Australia",572,0
"VIC","Major Cities of Australia",586,0
"VIC","Major Cities of Australia",608,0
"VIC","Major Cities of Australia",646,0
"VIC","Major Cities of Australia",653,0
"VIC","Major Cities of Australia",654,0
"VIC","Major Cities of Australia",681,0
"VIC","Major Cities of Australia",686,0
"VIC","Major Cities of Australia",718,0
"VIC","Major Cities of Australia",762,0
"VIC","Major Cities of Australia",765,0
"VIC","Major Cities of Australia",790,0
"VIC","Major Cities of Australia",847,0
"VIC","Major Cities of Australia",855,0
"VIC","Major Cities of Australia",873,0
"VIC","Major Cities of Australia",875,0
"VIC","Major Cities of Australia",895,0
"VIC","Major Cities of Australia",932,0
"VIC","Major Cities of Australia",949,0
"VIC","Major Cities of Australia",1012,0
"VIC","Major Cities of Australia",1046,0
"VIC","Major Cities of Australia",1050,0
"VIC","Major Cities of Australia",1061,0
"VIC","Major Cities of Australia",1075,0
"VIC","Major Cities of Australia",1094,0
"VIC","Major Cities of Australia",1102,0
"VIC","Major Cities of Australia",1150,0
"VIC","Major Cities of Australia",1186,0
"VIC","Major Cities of Australia",1194,0
"VIC","Major Cities of Australia",1313,0
"VIC","Major Cities of Australia",1366,0
"VIC","Major Cities of Australia",1417,0
"VIC","Major Cities of Australia",1434,0
"VIC","Major Cities of Australia",1464,0
"VIC","Major Cities of Australia",1466,0
"VIC","Major Cities of Australia",1536,0
"VIC","Major Cities of Australia",1600,0
"VIC","Major Cities of Australia",1609,0
"VIC","Major Cities of Australia",1654,0
"VIC","Major Cities of Australia",1669,0
"VIC","Major Cities of Australia",1672,0
"VIC","Major Cities of Australia",1677,0
"VIC","Major Cities of Australia",1695,0
"VIC","Major Cities of Australia",1740,0
"VIC","Major Cities of Australia",1749,0
"VIC","Major Cities of Australia",1753,0
"VIC","Major Cities of Australia",1786,0
"VIC","Major Cities of Australia",1827,0
"VIC","Major Cities of Australia",1836,0
"VIC","Major Cities of Australia",1854,0
"VIC","Major Cities of Australia",1863,0
"VIC","Major Cities of Australia",1885,0
"VIC","Major Cities of Australia",1889,0
"VIC","Major Cities of Australia",1926,0
"VIC","Major Cities of Australia",1941,0
"VIC","Major Cities of Australia",1945,0
"VIC","Major Cities of Australia",1946,0
"VIC","Major Cities of Australia",1964,0
"VIC","Major Cities of Australia",1966,0
"VIC","Major Cities of Australia",2022,0
"VIC","Major Cities of Australia",2024,0
"VIC","Major Cities of Australia",2030,0
"VIC","Major Cities of Australia",2051,0
"VIC","Major Cities of Australia",2060,0
"VIC","Major Cities of Australia",2072,0
"VIC","Major Cities of Australia",2112,0
"VIC","Major Cities of Australia",2127,0
"VIC","Major Cities of Australia",2131,0
"VIC","Major Cities of Australia",2161,0
"VIC","Major Cities of Australia",2190,0
"VIC","Major Cities of Australia",2213,0
"VIC","Major Cities of Australia",2289,0
"VIC","Major Cities of Australia",2302,0
"VIC","Major Cities of Australia",2386,0
"VIC","Major Cities of Australia",2466,0
"VIC","Major Cities of Australia",2469,0
"VIC","Major Cities of Australia",2502,0
"VIC","Major Cities of Australia",2567,0
"VIC","Major Cities of Australia",2779,0
"VIC","Major Cities of Australia",2784,0
"VIC","Major Cities of Australia",2842,0
"VIC","Major Cities of Australia",2907,0
"VIC","Major Cities of Australia",3011,0
"VIC","Major Cities of Australia",3033,0
"VIC","Major Cities of Australia",3157,0
"VIC","Major Cities of Australia",3350,0
"VIC","Major Cities of Australia",3632,0
"VIC","Major Cities of Australia",3723,0
"VIC","Major Cities of Australia",3777,0
"VIC","Major Cities of Australia",3784,0
"VIC","Major Cities of Australia",3801,0
"VIC","Major Cities of Australia",3816,0
"VIC","Major Cities of Australia",3836,0
"VIC","Major Cities of Australia",3882,0
"VIC","Major Cities of Australia",3967,0
"VIC","Major Cities of Australia",4074,0
"VIC","Major Cities of Australia",4145,0
"VIC","Major Cities of Australia",4175,0
"VIC","Major Cities of Australia",4294,0
"VIC","Major Cities of Australia",4298,0
"VIC","Major Cities of Australia",4325,0
"VIC","Major Cities of Australia",4334,0
"VIC","Major Cities of Australia",4455,0
"VIC","Major Cities of Australia",4488,0
"VIC","Major Cities of Australia",4603,0
"VIC","Major Cities of Australia",4860,0
"VIC","Major Cities of Australia",4888,0
"VIC","Major Cities of Australia",4889,0
"VIC","Major Cities of Australia",4903,0
"VIC","Major Cities of Australia",4933,0
"VIC","Major Cities of Australia",5337,0
"VIC","Major Cities of Australia",5764,0
"VIC","Major Cities of Australia",5840,0
"VIC","Major Cities of Australia",6203,0
"VIC","Major Cities of Australia",6547,0
"VIC","Major Cities of Australia",6763,0
"VIC","Major Cities of Australia",6799,0
"VIC","Major Cities of Australia",6921,0
"VIC","Major Cities of Australia",7008,0
"VIC","Major Cities of Australia",7057,0
"VIC","Major Cities of Australia",7165,0
"VIC","Major Cities of Australia",7222,0
"VIC","Major Cities of Australia",7242,0
"VIC","Major Cities of Australia",7431,0
"VIC","Major Cities of Australia",7568,0
"VIC","Major Cities of Australia",8041,0
"VIC","Major Cities of Australia",8418,0
"VIC","Major Cities of Australia",8446,0
"VIC","Major Cities of Australia",8560,0
"VIC","Major Cities of Australia",8561,0
"VIC","Major Cities of Australia",8718,0
"VIC","Major Cities of Australia",8726,0
"VIC","Major Cities of Australia",8754,0
"VIC","Major Cities of Australia",8854,0
"VIC","Major Cities of Australia",8967,0
"VIC","Major Cities of Australia",9294,0
"VIC","Major Cities of Australia",9321,0
"VIC","Major Cities of Australia",9373,0
"VIC","Major Cities of Australia",9376,0
"VIC","Major Cities of Australia",9500,0
"VIC","Major Cities of Australia",9515,0
"VIC","Major Cities of Australia",9551,0
"VIC","Major Cities of Australia",9869,0
"VIC","Major Cities of Australia",10154,0
"VIC","Major Cities of Australia",10208,0
"VIC","Major Cities of Australia",10282,0
"VIC","Major Cities of Australia",10464,0
"VIC","Major Cities of Australia",10486,0
"VIC","Major Cities of Australia",10596,0
"VIC","Major Cities of Australia",10639,0
"VIC","Major Cities of Australia",10968,0
"VIC","Major Cities of Australia",11040,0
"VIC","Major Cities of Australia",11578,0
"VIC","Major Cities of Australia",11589,0
"VIC","Major Cities of Australia",11839,0
"VIC","Major Cities of Australia",11843,0
"VIC","Major Cities of Australia",12217,0
"VIC","Major Cities of Australia",12743,0
"VIC","Major Cities of Australia",13208,0
"VIC","Major Cities of Australia",13235,0
"VIC","Major Cities of Australia",13279,0
"VIC","Major Cities of Australia",13468,0
"VIC","Major Cities of Australia",13688,0
"VIC","Major Cities of Australia",13780,0
"VIC","Major Cities of Australia",13962,0
"VIC","Major Cities of Australia",14316,0
"VIC","Major Cities of Australia",14350,0
"VIC","Major Cities of Australia",14497,0
"VIC","Major Cities of Australia",14530,0
"VIC","Major Cities of Australia",14749,0
"VIC","Major Cities of Australia",14791,0
"VIC","Major Cities of Australia",15228,0
"VIC","Major Cities of Australia",15282,0
"VIC","Major Cities of Australia",15372,0
"VIC","Major Cities of Australia",16073,0
"VIC","Major Cities of Australia",16204,0
"VIC","Major Cities of Australia",16348,0
"VIC","Major Cities of Australia",17210,0
"VIC","Major Cities of Australia",17654,0
"VIC","Major Cities of Australia",17925,0
"VIC","Major Cities of Australia",19526,0
"VIC","Major Cities of Australia",19952,0
"VIC","Major Cities of Australia",21120,0
"VIC","Outer Regional Australia",1,0
"VIC","Outer Regional Australia",2,0
"VIC","Outer Regional Australia",3,0
"VIC","Outer Regional Australia",4,0
"VIC","Outer Regional Australia",5,0
"VIC","Outer Regional Australia",6,0
"VIC","Outer Regional Australia",7,0
"VIC","Outer Regional Australia",8,0
"VIC","Outer Regional Australia",9,0
"VIC","Outer Regional Australia",10,0
"VIC","Outer Regional Australia",11,0
"VIC","Outer Regional Australia",12,0
"VIC","Outer Regional Australia",13,0
"VIC","Outer Regional Australia",14,0
"VIC","Outer Regional Australia",15,0
"VIC","Outer Regional Australia",16,0
"VIC","Outer Regional Australia",17,0
"VIC","Outer Regional Australia",18,0
"VIC","Outer Regional Australia",19,0
"VIC","Outer Regional Australia",20,0
"VIC","Outer Regional Australia",21,0
"VIC","Outer Regional Australia",22,0
"VIC","Outer Regional Australia",23,0
"VIC","Outer Regional Australia",24,0
"VIC","Outer Regional Australia",25,0
"VIC","Outer Regional Australia",26,0
"VIC","Outer Regional Australia",28,0
"VIC","Outer Regional Australia",29,0
"VIC","Outer Regional Australia",30,0
"VIC","Outer Regional Australia",33,0
"VIC","Outer Regional Australia",36,0
"VIC","Outer Regional Australia",53,0
"VIC","Outer Regional Australia",64,0
"VIC","Outer Regional Australia",65,0
"VIC","Outer Regional Australia",72,0
"VIC","Outer Regional Australia",73,0
"VIC","Outer Regional Australia",74,0
"VIC","Outer Regional Australia",75,0
"VIC","Outer Regional Australia",77,0
"VIC","Outer Regional Australia",81,0
"VIC","Outer Regional Australia",84,0
"VIC","Outer Regional Australia",85,0
"VIC","Outer Regional Australia",88,0
"VIC","Outer Regional Australia",89,0
"VIC","Outer Regional Australia",90,0
"VIC","Outer Regional Australia",97,0
"VIC","Outer Regional Australia",100,0
"VIC","Outer Regional Australia",101,0
"VIC","Outer Regional Australia",102,0
"VIC","Outer Regional Australia",103,0
"VIC","Outer Regional Australia",107,0
"VIC","Outer Regional Australia",109,0
"VIC","Outer Regional Australia",112,0
"VIC","Outer Regional Australia",123,0
"VIC","Outer Regional Australia",124,0
"VIC","Outer Regional Australia",127,0
"VIC","Outer Regional Australia",131,0
"VIC","Outer Regional Australia",141,0
"VIC","Outer Regional Australia",142,0
"VIC","Outer Regional Australia",159,0
"VIC","Outer Regional Australia",161,0
"VIC","Outer Regional Australia",186,0
"VIC","Outer Regional Australia",187,0
"VIC","Outer Regional Australia",200,0
"VIC","Outer Regional Australia",207,0
"VIC","Outer Regional Australia",218,0
"VIC","Outer Regional Australia",231,0
"VIC","Outer Regional Australia",238,0
"VIC","Outer Regional Australia",247,0
"VIC","Outer Regional Australia",251,0
"VIC","Outer Regional Australia",255,0
"VIC","Outer Regional Australia",261,0
"VIC","Outer Regional Australia",263,0
"VIC","Outer Regional Australia",268,0
"VIC","Outer Regional Australia",269,0
"VIC","Outer Regional Australia",276,0
"VIC","Outer Regional Australia",280,0
"VIC","Outer Regional Australia",283,0
"VIC","Outer Regional Australia",287,0
"VIC","Outer Regional Australia",288,0
"VIC","Outer Regional Australia",293,0
"VIC","Outer Regional Australia",295,0
"VIC","Outer Regional Australia",297,0
"VIC","Outer Regional Australia",299,0
"VIC","Outer Regional Australia",301,0
"VIC","Outer Regional Australia",302,0
"VIC","Outer Regional Australia",306,0
"VIC","Outer Regional Australia",308,0
"VIC","Outer Regional Australia",312,0
"VIC","Outer Regional Australia",314,0
"VIC","Outer Regional Australia",315,0
"VIC","Outer Regional Australia",316,0
"VIC","Outer Regional Australia",321,0
"VIC","Outer Regional Australia",322,0
"VIC","Outer Regional Australia",325,0
"VIC","Outer Regional Australia",326,0
"VIC","Outer Regional Australia",327,0
"VIC","Outer Regional Australia",328,0
"VIC","Outer Regional Australia",329,0
"VIC","Outer Regional Australia",331,0
"VIC","Outer Regional Australia",333,0
"VIC","Outer Regional Australia",337,0
"VIC","Outer Regional Australia",342,0
"VIC","Outer Regional Australia",345,0
"VIC","Outer Regional Australia",347,0
"VIC","Outer Regional Australia",360,0
"VIC","Outer Regional Australia",371,0
"VIC","Outer Regional Australia",376,0
"VIC","Outer Regional Australia",379,0
"VIC","Outer Regional Australia",380,0
"VIC","Outer Regional Australia",381,0
"VIC","Outer Regional Australia",384,0
"VIC","Outer Regional Australia",390,0
"VIC","Outer Regional Australia",393,0
"VIC","Outer Regional Australia",400,0
"VIC","Outer Regional Australia",403,0
"VIC","Outer Regional Australia",405,0
"VIC","Outer Regional Australia",417,0
"VIC","Outer Regional Australia",450,0
"VIC","Outer Regional Australia",469,0
"VIC","Outer Regional Australia",489,0
"VIC","Outer Regional Australia",490,0
"VIC","Outer Regional Australia",498,0
"VIC","Outer Regional Australia",505,0
"VIC","Outer Regional Australia",554,0
"VIC","Outer Regional Australia",556,0
"VIC","Outer Regional Australia",579,0
"VIC","Outer Regional Australia",596,0
"VIC","Outer Regional Australia",618,0
"VIC","Outer Regional Australia",647,0
"VIC","Outer Regional Australia",671,0
"VIC","Remote Australia",1,0
"VIC","Remote Australia",2,0
"VIC","Remote Australia",3,0
"VIC","Remote Australia",4,0
"VIC","Remote Australia",5,0
"VIC","Remote Australia",6,0
"VIC","Remote Australia",8,0
"VIC","Remote Australia",10,0
"VIC","Remote Australia",11,0
"VIC","Remote Australia",12,0
"VIC","Remote Australia",13,0
"VIC","Remote Australia",15,0
"VIC","Remote Australia",16,0
"VIC","Remote Australia",18,0
"VIC","Remote Australia",19,0
"VIC","Remote Australia",38,0
"WA","All regions",1856,0
"WA","All regions",2186,0
"WA","All regions",2804,0
"WA","All regions",4469,0
"WA","All regions",4909,0
"WA","All regions",5953,0
"WA","All regions",6346,0
"WA","All regions",7309,0
"WA","All regions",7889,0
"WA","All regions",10485,0
"WA","All regions",11705,0
"WA","All regions",11850,0
"WA","All regions",14377,0
"WA","All regions",14563,0
"WA","All regions",14804,0
"WA","All regions",14926,0
"WA","All regions",15957,0
"WA","All regions",16666,0
"WA","All regions",16718,0
"WA","All regions",17697,0
"WA","All regions",17822,0
"WA","All regions",67791,0
"WA","All regions",74843,0
"WA","All regions",100223,0
"WA","All regions",102262,0
"WA","All regions",107803,0
"WA","All regions",115534,0
"WA","All regions",228822,0
"WA","All regions",254858,0
"WA","All regions",300344,0
"WA","All regions",543491,0
"WA","All regions",558552,0
"WA","All regions",567954,0
"WA","All regions",573664,0
"WA","All regions",580734,0
"WA","All regions",588746,0
"WA","All regions",595363,0
"WA","All regions",646380,0
"WA","All regions",711518,0
"WA","All regions",734701,0
"WA","All regions",752276,0
"WA","All regions",775750,0
